{
    "step1":104.5797071872,
    "step2":100.3555808634,
    "step3":119.8685098429,
    "step4":116.5802699667,
    "step5":
    {
        "npv":109.7449629449,
        "accrual":2.0444444444
    }
}