{
    "step1":104.579707,
    "step2":100.355581,
    "step3":119.86850984287943,
    "step4":116.58,
    "step5":
    {
        "npv":109.74,
        "accrual":2.04
    }
}